<?xml version="1.0" encoding="UTF-8"?>
<AttributeFilterPolicyGroup id="ShibbolethFilterPolicy"
        xmlns="urn:mace:shibboleth:2.0:afp"
        xmlns:xsi="http://www.w3.org/2001/XMLSchema-instance"
        xsi:schemaLocation="urn:mace:shibboleth:2.0:afp http://shibboleth.net/schema/idp/shibboleth-afp.xsd">

	<AttributeFilterPolicy id="PolicyForWindowsAzureAD">
       <PolicyRequirementRule xsi:type="Requester" value="urn:federation:MicrosoftOnline" />
		<!-- Release mail as Azure AD User ID -->
		<AttributeRule attributeID="UserId">
			 <PermitValueRule xsi:type="ANY" />
		</AttributeRule>

		<!-- Release Immutable ID to Azure AD -->
		<AttributeRule attributeID="ImmutableID">
			<PermitValueRule xsi:type="ANY" />
		</AttributeRule>
		
		<!-- <AttributeRule attributeID="transientId"> -->
			<!-- <DenyValueRule xsi:type="ANY" /> -->
		<!-- </AttributeRule>    -->
    </AttributeFilterPolicy>

</AttributeFilterPolicyGroup>
